{
  "resourceType": "StructureDefinition",
  "id": "icd-10-gm-ausrufezeichen",
  "url": "http://fhir.de/StructureDefinition/icd-10-gm-ausrufezeichen",
  "version": "0.9.13",
  "name": "ExtenstionICD10GMAusrufezeichen",
  "title": "Extension zur Erfassung des ICD-10-GM-Ausrufezeichen-Codes",
  "status": "draft",
  "date": "2020-07-05",
  "publisher": "HL7 Deutschland e.V. (Technisches Komitee FHIR)",
  "contact": [
    {
      "telecom": [
        {
          "system": "url",
          "value": "http://hl7.de/technische-komitees/fhir/"
        }
      ]
    }
  ],
  "description": "Der Ausrufezeichen-Code bei postkoordinierten ICD-10-GM-Codes (Ausrufezeichen-Notation) An dieser Stelle ohne '!'-Symbol",
  "fhirVersion": "4.0.1",
  "kind": "complex-type",
  "abstract": false,
  "context": [
    {
      "type": "element",
      "expression": "CodeableConcept.coding"
    },
    {
      "type": "element",
      "expression": "Coding.code"
    }
  ],
  "type": "Extension",
  "baseDefinition": "http://hl7.org/fhir/StructureDefinition/Extension",
  "derivation": "constraint",
  "snapshot": {
    "element": [
      {
        "id": "Extension",
        "extension": [
          {
            "url": "http://hl7.org/fhir/StructureDefinition/structuredefinition-standards-status",
            "valueCode": "normative"
          },
          {
            "url": "http://hl7.org/fhir/StructureDefinition/structuredefinition-normative-version",
            "valueCode": "4.0.0"
          }
        ],
        "path": "Extension",
        "short": "Optional Extensions Element",
        "definition": "Optional Extension Element - found in all resources.",
        "min": 0,
        "max": "*",
        "base": {
          "path": "Extension",
          "min": 0,
          "max": "*"
        },
        "condition": [
          "ele-1"
        ],
        "constraint": [
          {
            "key": "ele-1",
            "severity": "error",
            "human": "All FHIR elements must have a @value or children",
            "expression": "hasValue() or (children().count() > id.count())",
            "xpath": "@value|f:*|h:div",
            "source": "http://hl7.org/fhir/StructureDefinition/Element"
          },
          {
            "key": "ext-1",
            "severity": "error",
            "human": "Must have either extensions or value[x], not both",
            "expression": "extension.exists() != value.exists()",
            "xpath": "exists(f:extension)!=exists(f:*[starts-with(local-name(.), 'value')])",
            "source": "http://hl7.org/fhir/StructureDefinition/Element"
          }
        ],
        "mapping": [
          {
            "identity": "rim",
            "map": "n/a"
          },
          {
            "identity": "rim",
            "map": "N/A"
          }
        ]
      },
      {
        "id": "Extension.id",
        "path": "Extension.id",
        "representation": [
          "xmlAttr"
        ],
        "short": "Unique id for inter-element referencing",
        "definition": "Unique id for the element within a resource (for internal references). This may be any string value that does not contain spaces.",
        "min": 0,
        "max": "1",
        "base": {
          "path": "Element.id",
          "min": 0,
          "max": "1"
        },
        "type": [
          {
            "extension": [
              {
                "url": "http://hl7.org/fhir/StructureDefinition/structuredefinition-fhir-type",
                "valueUrl": "string"
              }
            ],
            "code": "http://hl7.org/fhirpath/System.String"
          }
        ],
        "mapping": [
          {
            "identity": "rim",
            "map": "n/a"
          }
        ]
      },
      {
        "id": "Extension.extension",
        "extension": [
          {
            "url": "http://hl7.org/fhir/StructureDefinition/structuredefinition-standards-status",
            "valueCode": "normative"
          },
          {
            "url": "http://hl7.org/fhir/StructureDefinition/structuredefinition-normative-version",
            "valueCode": "4.0.0"
          }
        ],
        "path": "Extension.extension",
        "slicing": {
          "discriminator": [
            {
              "type": "value",
              "path": "url"
            }
          ],
          "description": "Extensions are always sliced by (at least) url",
          "rules": "open"
        },
        "short": "Additional content defined by implementations",
        "definition": "May be used to represent additional information that is not part of the basic definition of the element. To make the use of extensions safe and manageable, there is a strict set of governance  applied to the definition and use of extensions. Though any implementer can define an extension, there is a set of requirements that SHALL be met as part of the definition of the extension.",
        "comment": "There can be no stigma associated with the use of extensions by any application, project, or standard - regardless of the institution or jurisdiction that uses or defines the extensions.  The use of extensions is what allows the FHIR specification to retain a core level of simplicity for everyone.",
        "alias": [
          "extensions",
          "user content"
        ],
        "min": 0,
        "max": "*",
        "base": {
          "path": "Element.extension",
          "min": 0,
          "max": "*"
        },
        "type": [
          {
            "code": "Extension"
          }
        ],
        "condition": [
          "ele-1"
        ],
        "constraint": [
          {
            "key": "ele-1",
            "severity": "error",
            "human": "All FHIR elements must have a @value or children",
            "expression": "hasValue() or (children().count() > id.count())",
            "xpath": "@value|f:*|h:div",
            "source": "http://hl7.org/fhir/StructureDefinition/Element"
          },
          {
            "key": "ext-1",
            "severity": "error",
            "human": "Must have either extensions or value[x], not both",
            "expression": "extension.exists() != value.exists()",
            "xpath": "exists(f:extension)!=exists(f:*[starts-with(local-name(.), 'value')])",
            "source": "http://hl7.org/fhir/StructureDefinition/Element"
          }
        ],
        "mapping": [
          {
            "identity": "rim",
            "map": "n/a"
          },
          {
            "identity": "rim",
            "map": "N/A"
          }
        ]
      },
      {
        "id": "Extension.url",
        "path": "Extension.url",
        "representation": [
          "xmlAttr"
        ],
        "short": "identifies the meaning of the extension",
        "definition": "Source of the definition for the extension code - a logical name or a URL.",
        "comment": "The definition may point directly to a computable or human-readable definition of the extensibility codes, or it may be a logical URI as declared in some other specification. The definition SHALL be a URI for the Structure Definition defining the extension.",
        "min": 1,
        "max": "1",
        "base": {
          "path": "Extension.url",
          "min": 1,
          "max": "1"
        },
        "type": [
          {
            "extension": [
              {
                "url": "http://hl7.org/fhir/StructureDefinition/structuredefinition-fhir-type",
                "valueUrl": "uri"
              }
            ],
            "code": "http://hl7.org/fhirpath/System.String"
          }
        ],
        "fixedUri": "http://fhir.de/StructureDefinition/icd-10-gm-ausrufezeichen",
        "mapping": [
          {
            "identity": "rim",
            "map": "N/A"
          }
        ]
      },
      {
        "id": "Extension.value[x]",
        "extension": [
          {
            "url": "http://hl7.org/fhir/StructureDefinition/structuredefinition-standards-status",
            "valueCode": "normative"
          },
          {
            "url": "http://hl7.org/fhir/StructureDefinition/structuredefinition-normative-version",
            "valueCode": "4.0.0"
          }
        ],
        "path": "Extension.value[x]",
        "short": "A reference to a code defined by a terminology system",
        "definition": "A reference to a code defined by a terminology system.",
        "comment": "Codes may be defined very casually in enumerations or code lists, up to very formal definitions such as SNOMED CT - see the HL7 v3 Core Principles for more information.",
        "min": 1,
        "max": "1",
        "base": {
          "path": "Extension.value[x]",
          "min": 0,
          "max": "1"
        },
        "type": [
          {
            "code": "Coding",
            "profile": [
              "http://fhir.de/StructureDefinition/CodingICD10GM"
            ]
          }
        ],
        "condition": [
          "ele-1"
        ],
        "constraint": [
          {
            "key": "ele-1",
            "severity": "error",
            "human": "All FHIR elements must have a @value or children",
            "expression": "hasValue() or (children().count() > id.count())",
            "xpath": "@value|f:*|h:div",
            "source": "http://hl7.org/fhir/StructureDefinition/Element"
          }
        ],
        "mapping": [
          {
            "identity": "rim",
            "map": "n/a"
          },
          {
            "identity": "rim",
            "map": "N/A"
          },
          {
            "identity": "v2",
            "map": "CE/CNE/CWE subset one of the sets of component 1-3 or 4-6"
          },
          {
            "identity": "rim",
            "map": "CV"
          },
          {
            "identity": "orim",
            "map": "fhir:Coding rdfs:subClassOf dt:CDCoding"
          }
        ]
      }
    ]
  },
  "differential": {
    "element": [
      {
        "id": "Extension.url",
        "path": "Extension.url",
        "fixedUri": "http://fhir.de/StructureDefinition/icd-10-gm-ausrufezeichen"
      },
      {
        "id": "Extension.value[x]",
        "path": "Extension.value[x]",
        "min": 1,
        "type": [
          {
            "code": "Coding",
            "profile": [
              "http://fhir.de/StructureDefinition/CodingICD10GM"
            ]
          }
        ]
      }
    ]
  }
}