<StructureDefinition xmlns="http://hl7.org/fhir">
  <id value="icd-10-gm-diagnosesicherheit" />
  <url value="http://fhir.de/StructureDefinition/icd-10-gm-diagnosesicherheit" />
  <version value="1.2.0" />
  <name value="ExtensionICD10GMDiagnosesicherheit" />
  <title value="Extension zur Erfassung der Diagnosesicherheit gemäß KBV-Kodierrichtlinien" />
  <status value="active" />
  <date value="2020-05-14" />
  <publisher value="HL7 Deutschland e.V. (Technisches Komitee FHIR)" />
  <contact>
    <telecom>
      <system value="url" />
      <value value="http://hl7.de/technische-komitees/fhir/" />
    </telecom>
  </contact>
  <copyright value="HL7 Deutschland e.V." />
  <fhirVersion value="4.0.1" />
  <kind value="complex-type" />
  <abstract value="false" />
  <context>
    <type value="element" />
    <expression value="Condition.code.coding" />
  </context>
  <type value="Extension" />
  <baseDefinition value="http://hl7.org/fhir/StructureDefinition/Extension" />
  <derivation value="constraint" />
  <snapshot>
    <element id="Extension">
      <extension url="http://hl7.org/fhir/StructureDefinition/structuredefinition-standards-status">
        <valueCode value="normative" />
      </extension>
      <extension url="http://hl7.org/fhir/StructureDefinition/structuredefinition-normative-version">
        <valueCode value="4.0.0" />
      </extension>
      <path value="Extension" />
      <short value="Optional Extensions Element" />
      <definition value="Optional Extension Element - found in all resources." />
      <min value="0" />
      <max value="*" />
      <base>
        <path value="Extension" />
        <min value="0" />
        <max value="*" />
      </base>
      <condition value="ele-1" />
      <constraint>
        <key value="ele-1" />
        <severity value="error" />
        <human value="All FHIR elements must have a @value or children" />
        <expression value="hasValue() or (children().count() &gt; id.count())" />
        <xpath value="@value|f:*|h:div" />
        <source value="http://hl7.org/fhir/StructureDefinition/Element" />
      </constraint>
      <constraint>
        <key value="ext-1" />
        <severity value="error" />
        <human value="Must have either extensions or value[x], not both" />
        <expression value="extension.exists() != value.exists()" />
        <xpath value="exists(f:extension)!=exists(f:*[starts-with(local-name(.), 'value')])" />
        <source value="http://hl7.org/fhir/StructureDefinition/Element" />
      </constraint>
      <mapping>
        <identity value="rim" />
        <map value="n/a" />
      </mapping>
      <mapping>
        <identity value="rim" />
        <map value="N/A" />
      </mapping>
    </element>
    <element id="Extension.id">
      <path value="Extension.id" />
      <representation value="xmlAttr" />
      <short value="Unique id for inter-element referencing" />
      <definition value="Unique id for the element within a resource (for internal references). This may be any string value that does not contain spaces." />
      <min value="0" />
      <max value="1" />
      <base>
        <path value="Element.id" />
        <min value="0" />
        <max value="1" />
      </base>
      <type>
        <extension url="http://hl7.org/fhir/StructureDefinition/structuredefinition-fhir-type">
          <valueUrl value="string" />
        </extension>
        <code value="http://hl7.org/fhirpath/System.String" />
      </type>
      <mapping>
        <identity value="rim" />
        <map value="n/a" />
      </mapping>
    </element>
    <element id="Extension.extension">
      <extension url="http://hl7.org/fhir/StructureDefinition/structuredefinition-standards-status">
        <valueCode value="normative" />
      </extension>
      <extension url="http://hl7.org/fhir/StructureDefinition/structuredefinition-normative-version">
        <valueCode value="4.0.0" />
      </extension>
      <path value="Extension.extension" />
      <slicing>
        <discriminator>
          <type value="value" />
          <path value="url" />
        </discriminator>
        <description value="Extensions are always sliced by (at least) url" />
        <rules value="open" />
      </slicing>
      <short value="Additional content defined by implementations" />
      <definition value="May be used to represent additional information that is not part of the basic definition of the element. To make the use of extensions safe and manageable, there is a strict set of governance  applied to the definition and use of extensions. Though any implementer can define an extension, there is a set of requirements that SHALL be met as part of the definition of the extension." />
      <comment value="There can be no stigma associated with the use of extensions by any application, project, or standard - regardless of the institution or jurisdiction that uses or defines the extensions.  The use of extensions is what allows the FHIR specification to retain a core level of simplicity for everyone." />
      <alias value="extensions" />
      <alias value="user content" />
      <min value="0" />
      <max value="*" />
      <base>
        <path value="Element.extension" />
        <min value="0" />
        <max value="*" />
      </base>
      <type>
        <code value="Extension" />
      </type>
      <condition value="ele-1" />
      <constraint>
        <key value="ele-1" />
        <severity value="error" />
        <human value="All FHIR elements must have a @value or children" />
        <expression value="hasValue() or (children().count() &gt; id.count())" />
        <xpath value="@value|f:*|h:div" />
        <source value="http://hl7.org/fhir/StructureDefinition/Element" />
      </constraint>
      <constraint>
        <key value="ext-1" />
        <severity value="error" />
        <human value="Must have either extensions or value[x], not both" />
        <expression value="extension.exists() != value.exists()" />
        <xpath value="exists(f:extension)!=exists(f:*[starts-with(local-name(.), 'value')])" />
        <source value="http://hl7.org/fhir/StructureDefinition/Element" />
      </constraint>
      <mapping>
        <identity value="rim" />
        <map value="n/a" />
      </mapping>
      <mapping>
        <identity value="rim" />
        <map value="N/A" />
      </mapping>
    </element>
    <element id="Extension.url">
      <path value="Extension.url" />
      <representation value="xmlAttr" />
      <short value="identifies the meaning of the extension" />
      <definition value="Source of the definition for the extension code - a logical name or a URL." />
      <comment value="The definition may point directly to a computable or human-readable definition of the extensibility codes, or it may be a logical URI as declared in some other specification. The definition SHALL be a URI for the Structure Definition defining the extension." />
      <min value="1" />
      <max value="1" />
      <base>
        <path value="Extension.url" />
        <min value="1" />
        <max value="1" />
      </base>
      <type>
        <extension url="http://hl7.org/fhir/StructureDefinition/structuredefinition-fhir-type">
          <valueUrl value="uri" />
        </extension>
        <code value="http://hl7.org/fhirpath/System.String" />
      </type>
      <fixedUri value="http://fhir.de/StructureDefinition/icd-10-gm-diagnosesicherheit" />
      <mapping>
        <identity value="rim" />
        <map value="N/A" />
      </mapping>
    </element>
    <element id="Extension.value[x]">
      <extension url="http://hl7.org/fhir/StructureDefinition/structuredefinition-standards-status">
        <valueCode value="normative" />
      </extension>
      <extension url="http://hl7.org/fhir/StructureDefinition/structuredefinition-normative-version">
        <valueCode value="4.0.0" />
      </extension>
      <path value="Extension.value[x]" />
      <short value="Value of extension" />
      <definition value="Value of extension - must be one of a constrained set of the data types (see [Extensibility](extensibility.html) for a list)." />
      <min value="1" />
      <max value="1" />
      <base>
        <path value="Extension.value[x]" />
        <min value="0" />
        <max value="1" />
      </base>
      <type>
        <code value="Coding" />
      </type>
      <condition value="ele-1" />
      <constraint>
        <key value="ele-1" />
        <severity value="error" />
        <human value="All FHIR elements must have a @value or children" />
        <expression value="hasValue() or (children().count() &gt; id.count())" />
        <xpath value="@value|f:*|h:div" />
        <source value="http://hl7.org/fhir/StructureDefinition/Element" />
      </constraint>
      <constraint>
        <key value="icd-4" />
        <severity value="warning" />
        <human value="Wenn die Diagnosesicherheit &quot;A (Ausschluss)&quot; verwendet wird, dann muss clinicalStatus leer bleiben und verificationStaus auf &quot;refuted&quot; gesetzt werden." />
        <expression value="code!='A' or (%resource.verificationStatus.coding.where(code='refuted').exists() and %resource.clinicalStatus.empty())" />
        <source value="http://fhir.de/StructureDefinition/icd-10-gm-diagnosesicherheit" />
      </constraint>
      <constraint>
        <key value="icd-5" />
        <severity value="warning" />
        <human value="Wenn die Diagnosesicherheit &quot;G (Gesichert)&quot; verwendet wird, dann muss clinicalStatus auf &quot;active&quot; und verificationStatus auf &quot;confirmed&quot; gesetzt werden." />
        <expression value="code!='G' or (%resource.clinicalStatus.coding.where(code='active').exists() and %resource.verificationStatus.coding.where(code='confirmed').exists())" />
        <source value="http://fhir.de/StructureDefinition/icd-10-gm-diagnosesicherheit" />
      </constraint>
      <constraint>
        <key value="icd-6" />
        <severity value="warning" />
        <human value="Wenn die Diagnosesicherheit &quot;V (Verdacht auf)&quot; verwendet wird, dann muss clinicalStatus auf &quot;active&quot; und verificationStatus auf &quot;provisional&quot; oder &quot;differential&quot; gesetzt werden." />
        <expression value="code!='V' or (%resource.clinicalStatus.coding.where(code='active').exists() and (%resource.verificationStatus.coding.where(code='provisional').exists() or %resource.verificationStatus.coding.where(code='differential').exists()))" />
        <source value="http://fhir.de/StructureDefinition/icd-10-gm-diagnosesicherheit" />
      </constraint>
      <constraint>
        <key value="icd-7" />
        <severity value="warning" />
        <human value="Wenn die Diagnosesicherheit &quot;Z (Zustand nach)&quot; verwendet wird, dann muss clinicalStatus auf &quot;resolved&quot; und verificationStatus auf &quot;confirmed&quot; gesetzt werden." />
        <expression value="code!='Z' or (%resource.clinicalStatus.coding.where(code='resolved').exists() and %resource.verificationStatus.coding.where(code='confirmed').exists())" />
        <source value="http://fhir.de/StructureDefinition/icd-10-gm-diagnosesicherheit" />
      </constraint>
      <binding>
        <strength value="required" />
        <valueSet value="https://fhir.kbv.de/ValueSet/KBV_VS_SFHIR_ICD_DIAGNOSESICHERHEIT" />
      </binding>
      <mapping>
        <identity value="rim" />
        <map value="n/a" />
      </mapping>
      <mapping>
        <identity value="rim" />
        <map value="N/A" />
      </mapping>
    </element>
  </snapshot>
  <differential>
    <element id="Extension.url">
      <path value="Extension.url" />
      <fixedUri value="http://fhir.de/StructureDefinition/icd-10-gm-diagnosesicherheit" />
    </element>
    <element id="Extension.value[x]">
      <path value="Extension.value[x]" />
      <min value="1" />
      <type>
        <code value="Coding" />
      </type>
      <constraint>
        <key value="icd-4" />
        <severity value="warning" />
        <human value="Wenn die Diagnosesicherheit &quot;A (Ausschluss)&quot; verwendet wird, dann muss clinicalStatus leer bleiben und verificationStaus auf &quot;refuted&quot; gesetzt werden." />
        <expression value="code!='A' or (%resource.verificationStatus.coding.where(code='refuted').exists() and %resource.clinicalStatus.empty())" />
      </constraint>
      <constraint>
        <key value="icd-5" />
        <severity value="warning" />
        <human value="Wenn die Diagnosesicherheit &quot;G (Gesichert)&quot; verwendet wird, dann muss clinicalStatus auf &quot;active&quot; und verificationStatus auf &quot;confirmed&quot; gesetzt werden." />
        <expression value="code!='G' or (%resource.clinicalStatus.coding.where(code='active').exists() and %resource.verificationStatus.coding.where(code='confirmed').exists())" />
      </constraint>
      <constraint>
        <key value="icd-6" />
        <severity value="warning" />
        <human value="Wenn die Diagnosesicherheit &quot;V (Verdacht auf)&quot; verwendet wird, dann muss clinicalStatus auf &quot;active&quot; und verificationStatus auf &quot;provisional&quot; oder &quot;differential&quot; gesetzt werden." />
        <expression value="code!='V' or (%resource.clinicalStatus.coding.where(code='active').exists() and (%resource.verificationStatus.coding.where(code='provisional').exists() or %resource.verificationStatus.coding.where(code='differential').exists()))" />
      </constraint>
      <constraint>
        <key value="icd-7" />
        <severity value="warning" />
        <human value="Wenn die Diagnosesicherheit &quot;Z (Zustand nach)&quot; verwendet wird, dann muss clinicalStatus auf &quot;resolved&quot; und verificationStatus auf &quot;confirmed&quot; gesetzt werden." />
        <expression value="code!='Z' or (%resource.clinicalStatus.coding.where(code='resolved').exists() and %resource.verificationStatus.coding.where(code='confirmed').exists())" />
      </constraint>
      <binding>
        <strength value="required" />
        <valueSet value="https://fhir.kbv.de/ValueSet/KBV_VS_SFHIR_ICD_DIAGNOSESICHERHEIT" />
      </binding>
    </element>
  </differential>
</StructureDefinition>